Rank,Title,Author,Price
1,Yamaha F310 - Full Size Steel String Acoustic Guitar - Traditional Western Body - Natural,"4.7 out of 5 stars 1,642",£115.99 - £209.99
2,"Martin Smith Acoustic Guitar with Guitar Strings, Guitar Plectrums & Guitar Strap - Blue","4.2 out of 5 stars 4,086",£59.34
3,"Martin Smith Acoustic Guitar Kit with Full-Size Acoustic Guitar, Guitar Stand, Guitar Tuner, Guitar Bag, Guitar Strap, Guitar Plectrums & Spare Guitar Strings","4.5 out of 5 stars 5,720",£80.00 - £139.99
4,Fender CD-60S (Black) - Acoustic Guitar,4.6 out of 5 stars 97,5 offers from £159.25
5,"Yamaha FG800M Acoustic, Natural, Matt Finish",4.9 out of 5 stars 60,3 offers from £229.00
6,Blueridge BR-43AS Contemporary Craftsman Series 000 Guitar - Sunburst,3.8 out of 5 stars 3,£622.41 - £837.04
7,Tanglewood Crossroads TWCR D Acoustic Guitar,4.8 out of 5 stars 107,3 offers from £98.51
8,"Winzz Acoustic Guitar Beginner for Adults and Children, Sunburst Folk Guitar Starter Pack Cutaway (40 Inches,Matt)",4.5 out of 5 stars 93,£69.99 - £102.39
9,Fender FA-125 Dreadnought Acoustic Guitar - Walnut Fingerboard - Sunburst,4.6 out of 5 stars 147,6 offers from £99.99
10,CB SKY 30-inch (76cm) Pink Classical Guitar/Girls Gift/Kids Musical Instrument,4.2 out of 5 stars 45,1 offer from £25.99
11,"Fender CD-60 Dreadnought V3 DS, Walnut Fingerboard, Black, 970110506","4.8 out of 5 stars 1,010",£107.90 - £160.36
12,"Rosen Acoustic Guitar 41 Inches 4/4 Solid Top Dreadnought Spruce Guitar Beginner Bundle with Book, Padded Bag, Strings, Picks, Tuner, Hexwrench, Strap, Polishing Cloth, Sunburst",4.4 out of 5 stars 32,1 offer from £139.99
13,"Martin Smith W-100 Acoustic Guitar Package with Strings, Plecs, Strap - Red",4.2 out of 5 stars 131,1 offer from £49.99
14,Yamaha APXT2 3/4 Acoustic Electric Guitar w Bag Dark Red Burst,4.2 out of 5 stars 97,2 offers from £246.50
15,"TIGER ACG2-RD | Full Size 4/4 Acoustic Steel String Guitar for Beginners | Package includes Gig-bag, Strap, Scratchplate and Spare Strings | Red | Now with 6 Months Free Lessons Included",4.6 out of 5 stars 593,£76.00 - £85.45
16,"Fender FA-125 Dreadnought, Walnut Fingerboard, Black",4.7 out of 5 stars 92,£110.44
17,Yamaha F370 Full Size Steel String Acoustic Guitar - Traditional Western Body - Classic Black & Tiger Music GACAPO2 - Trigger Capo for Guitar Chrome,4.7 out of 5 stars 745,£159.00 - £467.99
18,Yamaha F310 Acoustic Folk Guitar with Strap / Tuner / Strings / 3 Picks / String Winder / Capo Natural Wood,4.5 out of 5 stars 205,2 offers from £157.55
19,Tanglewood Sundance Premier TSP 45 Electro Acoustic Guitar,4.2 out of 5 stars 4,4.2 out of 5 stars 4
20,"Fender CD-60S Solid Top Acoustic Guitar, Natural",4.4 out of 5 stars 85,4.4 out of 5 stars 85
21,"Traveler Guitar Ultra-Light Acoustic-Electric Guitar, Antique Brown (ULA ABNS)",4.5 out of 5 stars 221,£305.00 - £392.64
22,Slimline Auditorium Non Electro Cutaway Guitar: Acoustic Guitar,1 offer from £118.26,1 offer from £118.26
23,Tanglewood Crossroads TWCRO Akustikgitarre,4.7 out of 5 stars 203,9 offers from £89.05
24,"Epiphone DR-100 Dreadnaught Acoustic Guitar, Ebony Finish, Mahogany Body, Select Spruce Top, Rosewood Fingerboard, 25.5 scale","4.7 out of 5 stars 1,714",£129.99 - £162.26
25,Lindo 'Apprentice Series' Mahogany Top Acoustic Guitar (931C/WA) & Free Carry Case,4.5 out of 5 stars 225,1 offer from £69.99
26,Fender Malibu Player Acoustic Guitar - Burgundy Satin - Walnut Fingerboard,4.6 out of 5 stars 491,£249.00 - £390.73
27,"ADM 38 Inches Acoustic Guitar Beginners, Folk Guitar Blue for Kids Students Adults (Steel-string)",3.3 out of 5 stars 7,£60.99
28,"Fender FA-125 Acoustic Guitar, Natural",4.7 out of 5 stars 184,1 offer from £99.99
29,"Enya Nova Go Carbon Fiber Acoustic Guitar 1/2 Size Beginner Adult Travel Acustica Guitarra w/Starter Bundle Kit of Colorful Gift Packaging, Acoustic Guitar Strap, EVA Case, Cleaning Cloth(Black)",4.3 out of 5 stars 32,£259.00 - £310.66
30,Fender FA-125 Dreadnought Black,4.4 out of 5 stars 74,£103.41 - £140.61
